{
    "camera": {
        "currentPitch": 63.5,
        "currentYaw": 300.5,
        "fov": 45.0,
        "lookAt": [
            -0.05000000074505806,
            0.05000000074505806,
            0.20000000298023224
        ],
        "orientation": 4,
        "rotateSpeed": 0.5,
        "zoomSpeed": 1.100000023841858,
        "zoomValue": -1.0
    },
    "dataset": {
        "file": "..\\volumes\\BeetleLarge.cvol",
        "filterMode": 0,
        "mipmap": 0
    },
    "renderMode": 1,
    "renderModeDvr": 0,
    "renderer": {
        "aoRadius": 0.1,
        "aoSamples": 0,
        "binarySearchSteps": 5,
        "clipPlane": [
            0.0,
            0.0,
            0.0,
            0.0
        ],
        "clipPlaneIndex": 1,
        "enableClipPlane": false,
        "filterMode": 0,
        "isovalue": 0.01,
        "stepsize": 0.17637
    },
    "shading": {
        "ambientLight": [
            0.10000000149011612,
            0.10000000149011612,
            0.10000000149011612
        ],
        "aoStrength": 0.5,
        "channel": 5,
        "clearColor": [
            1.0,
            1.0,
            1.0,
            1.0
        ],
        "diffuseLight": [
            0.984995424747467,
            0.9475930333137512,
            0.9475930333137512
        ],
        "flowWithInpainting": true,
        "lightDirection": [
            0.0,
            0.0,
            1.0
        ],
        "materialColor": [
            1.0,
            1.0,
            1.0
        ],
        "specularExponent": 16.0,
        "specularLight": [
            0.10000000149011612,
            0.10000000149011612,
            0.10000000149011612
        ],
        "temporalSmoothing": 0
    },
    "tfEditor": {
        "dvrUseShading": false,
        "editorHybrid": {
            "colorAxis": [
                [
                    53.24079895019531,
                    80.0924301147461,
                    67.20320892333984
                ],
                [
                    100.0,
                    0.0,
                    0.0
                ]
            ],
            "densityAxisColor": [
                0.0,
                1.0
            ],
            "densityAxisOpacity": [
                0.44999998807907104,
                0.5,
                0.550000011920929
            ],
            "opacityAxis": [
                0.0,
                0.800000011920929,
                0.0
            ],
            "opacityExtraColorAxis": [
                [
                    0.0,
                    0.0,
                    0.0,
                    0.0
                ],
                [
                    0.0,
                    0.0,
                    0.0,
                    0.0
                ],
                [
                    0.0,
                    0.0,
                    0.0,
                    0.0
                ]
            ]
        },
        "editorLinear": {
            "colorAxis": [
                [
                    40.62017822265625,
                    65.36255645751953,
                    54.567970275878906
                ],
                [
                    40.62017822265625,
                    65.36255645751953,
                    54.567970275878906
                ],
                [
                    75.72563171386719,
                    5.729317665100098,
                    36.07966995239258
                ],
                [
                    40.371429443359375,
                    60.18358612060547,
                    -94.37785339355469
                ],
                [
                    40.371429443359375,
                    60.18358612060547,
                    -94.37785339355469
                ]
            ],
            "densityAxisColor": [
                0.0,
                0.04659498110413551,
                0.08960573375225067,
                0.781361997127533,
                1.0
            ],
            "densityAxisOpacity": [
                0.02659498155117035,
                0.04659498110413551,
                0.06659498065710068,
                0.0696057379245758,
                0.08960573375225067,
                0.10960572957992554,
                0.7613620162010193,
                0.781361997127533,
                0.8013619780540466
            ],
            "opacityAxis": [
                0.0,
                0.5399999618530273,
                0.0,
                0.0,
                0.1499999761581421,
                0.0,
                0.0,
                1.0,
                0.0
            ]
        },
        "editorMultiIso": {
            "colors": [
                [
                    22.524368286132813,
                    11.628926277160645,
                    1.0861282348632813,
                    0.1600000262260437
                ],
                [
                    49.066078186035156,
                    49.44223403930664,
                    24.755704879760742,
                    0.1499999761581421
                ],
                [
                    21.186574935913086,
                    11.476335525512695,
                    95.68688201904297,
                    1.0
                ]
            ],
            "positions": [
                0.04659498110413551,
                0.08960573375225067,
                0.781361997127533
            ]
        },
        "maxDensity": 0.03799999877810478,
        "minDensity": 0.0,
        "opacityScaling": 1000.0,
        "showColorControlPoints": true
    },
    "version": 1
}
