{
    "camera": {
        "currentPitch": 21.0,
        "currentYaw": 216.0,
        "fov": 45.0,
        "lookAt": [
            0.0,
            0.20000000298023224,
            0.0
        ],
        "orientation": 1,
        "rotateSpeed": 0.5,
        "zoomSpeed": 1.100000023841858,
        "zoomValue": 1.0
    },
    "dataset": {
        "file": "..\\volumes\\KarpfenUCHAR.cvol",
        "filterMode": 0,
        "mipmap": 0
    },
    "renderMode": 1,
    "renderModeDvr": 0,
    "renderer": {
        "aoRadius": 0.1,
        "aoSamples": 0,
        "binarySearchSteps": 5,
        "clipPlane": [
            1.0,
            0.0,
            0.0,
            0.0
        ],
        "clipPlaneIndex": 0,
        "enableClipPlane": false,
        "filterMode": 0,
        "isovalue": 0.40371,
        "stepsize": 0.1
    },
    "shading": {
        "ambientLight": [
            0.10000000149011612,
            0.10000000149011612,
            0.10000000149011612
        ],
        "aoStrength": 0.5,
        "channel": 5,
        "clearColor": [
            1.0,
            1.0,
            1.0,
            1.0
        ],
        "diffuseLight": [
            0.800000011920929,
            0.800000011920929,
            0.800000011920929
        ],
        "flowWithInpainting": true,
        "lightDirection": [
            0.0,
            0.0,
            1.0
        ],
        "materialColor": [
            1.0,
            1.0,
            1.0
        ],
        "specularExponent": 16.0,
        "specularLight": [
            0.10000000149011612,
            0.10000000149011612,
            0.10000000149011612
        ],
        "temporalSmoothing": 0
    },
    "tfEditor": {
        "dvrUseShading": false,
        "editorHybrid": {
            "colorAxis": [
                [
                    53.24079895019531,
                    80.0924301147461,
                    67.20320892333984
                ],
                [
                    100.0,
                    0.0,
                    0.0
                ]
            ],
            "densityAxisColor": [
                0.0,
                1.0
            ],
            "densityAxisOpacity": [
                0.44999998807907104,
                0.5,
                0.550000011920929
            ],
            "opacityAxis": [
                0.0,
                0.800000011920929,
                0.0
            ],
            "opacityExtraColorAxis": [
                [
                    0.0,
                    0.0,
                    0.0,
                    0.0
                ],
                [
                    0.0,
                    0.0,
                    0.0,
                    0.0
                ],
                [
                    0.0,
                    0.0,
                    0.0,
                    0.0
                ]
            ]
        },
        "editorLinear": {
            "colorAxis": [
                [
                    80.70614624023438,
                    -70.69951629638672,
                    45.985591888427734
                ],
                [
                    80.70614624023438,
                    -70.69951629638672,
                    45.985591888427734
                ],
                [
                    22.22173309326172,
                    22.505552291870117,
                    25.25286102294922
                ],
                [
                    22.22173309326172,
                    22.505552291870117,
                    25.25286102294922
                ]
            ],
            "densityAxisColor": [
                0.0,
                0.3379310369491577,
                0.9402298927307129,
                1.0
            ],
            "densityAxisOpacity": [
                0.3279310464859009,
                0.33563217520713806,
                0.34793102741241455,
                0.930229902267456,
                0.9402298927307129,
                0.9502298831939697
            ],
            "opacityAxis": [
                0.0,
                0.8899999856948853,
                0.0,
                0.0,
                0.75,
                0.0
            ]
        },
        "editorMultiIso": {
            "colors": [
                [
                    31.533605575561523,
                    57.9412956237793,
                    23.96195411682129,
                    0.3399999737739563
                ],
                [
                    4.992574214935303,
                    3.577315330505371,
                    0.9131008982658386,
                    0.75
                ]
            ],
            "positions": [
                0.3379310369491577,
                0.9402298927307129
            ]
        },
        "maxDensity": 0.4790000021457672,
        "minDensity": 1.7992522771237418e-05,
        "opacityScaling": 2000.0,
        "showColorControlPoints": true
    },
    "version": 1
}
