{
    "camera": {
        "currentPitch": 9.0,
        "currentYaw": 653.5,
        "fov": 45.0,
        "lookAt": [
            0.0,
            0.0,
            -0.11999999731779099
        ],
        "orientation": 4,
        "rotateSpeed": 0.5,
        "zoomSpeed": 1.100000023841858,
        "zoomValue": 0.0
    },
    "dataset": {
        "file": "..\\volumes\\ejecta_272_512_ushort.cvol",
        "filterMode": 0,
        "mipmap": 0
    },
    "renderMode": 1,
    "renderModeDvr": 0,
    "renderer": {
        "aoRadius": 0.1,
        "aoSamples": 0,
        "binarySearchSteps": 5,
        "clipPlane": [
            0.0,
            0.0,
            0.0,
            0.0
        ],
        "clipPlaneIndex": 1,
        "enableClipPlane": false,
        "filterMode": 0,
        "isovalue": 0.70767,
        "stepsize": 1.0
    },
    "shading": {
        "ambientLight": [
            9.999999747378752e-05,
            9.998999303206801e-05,
            9.998999303206801e-05
        ],
        "aoStrength": 0.5,
        "channel": 5,
        "clearColor": [
            1.0,
            1.0,
            1.0,
            1.0
        ],
        "diffuseLight": [
            0.9093422293663025,
            0.9092512726783752,
            0.9092512726783752
        ],
        "flowWithInpainting": true,
        "lightDirection": [
            0.3288201093673706,
            0.1740812361240387,
            0.9282096028327942
        ],
        "materialColor": [
            1.0,
            1.0,
            1.0
        ],
        "specularExponent": 16.0,
        "specularLight": [
            0.10000000149011612,
            0.10000000149011612,
            0.10000000149011612
        ],
        "temporalSmoothing": 0
    },
    "tfEditor": {
        "dvrUseShading": true,
        "editorHybrid": {
            "colorAxis": [
                [
                    53.24079895019531,
                    80.0924301147461,
                    67.20320892333984
                ],
                [
                    100.0,
                    0.0,
                    0.0
                ]
            ],
            "densityAxisColor": [
                0.0,
                1.0
            ],
            "densityAxisOpacity": [
                0.44999998807907104,
                0.5,
                0.550000011920929
            ],
            "opacityAxis": [
                0.0,
                0.800000011920929,
                0.0
            ],
            "opacityExtraColorAxis": [
                [
                    0.0,
                    0.0,
                    0.0,
                    0.0
                ],
                [
                    0.0,
                    0.0,
                    0.0,
                    0.0
                ],
                [
                    0.0,
                    0.0,
                    0.0,
                    0.0
                ]
            ]
        },
        "editorLinear": {
            "colorAxis": [
                [
                    100.0,
                    0.0,
                    0.0
                ],
                [
                    84.6454849243164,
                    0.0,
                    0.0
                ],
                [
                    97.57321166992188,
                    -18.079608917236328,
                    68.68797302246094
                ],
                [
                    57.810630798339844,
                    68.55517578125,
                    52.05644989013672
                ],
                [
                    57.810630798339844,
                    68.55517578125,
                    52.05644989013672
                ]
            ],
            "densityAxisColor": [
                0.0,
                0.25555557012557983,
                0.38148146867752075,
                0.5111111402511597,
                1.0
            ],
            "densityAxisOpacity": [
                0.255259245634079,
                0.25925925374031067,
                0.26325926184654236,
                0.37748146057128906,
                0.38148146867752075,
                0.38548147678375244,
                0.507111132144928,
                0.5111111402511597,
                0.5259259343147278
            ],
            "opacityAxis": [
                0.0,
                0.30000001192092896,
                0.0,
                0.0,
                0.12999999523162842,
                0.0,
                0.0,
                0.8100000023841858,
                0.050000011920928955
            ]
        },
        "editorMultiIso": {
            "colors": [
                [
                    95.0469970703125,
                    100.00000762939453,
                    108.88300323486328,
                    0.30000001192092896
                ],
                [
                    79.68254089355469,
                    93.85420989990234,
                    27.963586807250977,
                    0.12999999523162842
                ],
                [
                    43.9709587097168,
                    25.762191772460938,
                    5.788686752319336,
                    0.8100000023841858
                ]
            ],
            "positions": [
                0.25925925374031067,
                0.38148146867752075,
                0.5111111402511597
            ]
        },
        "maxDensity": 0.5329999923706055,
        "minDensity": 0.27000001072883606,
        "opacityScaling": 368.6839904785156,
        "showColorControlPoints": true
    },
    "version": 1
}
