{
    "camera": {
        "currentPitch": 47.5,
        "currentYaw": 571.5,
        "fov": 45.0,
        "lookAt": [
            0.0,
            0.0,
            0.0
        ],
        "orientation": 2,
        "rotateSpeed": 0.5,
        "zoomSpeed": 1.100000023841858,
        "zoomValue": -7.0
    },
    "dataset": {
        "file": "..\\volumes\VisibleHuman16Bit.cvol",
        "filterMode": 0,
        "mipmap": 0
    },
    "renderMode": 1,
    "renderModeDvr": 0,
    "renderer": {
        "aoRadius": 0.1,
        "aoSamples": 0,
        "binarySearchSteps": 5,
        "clipPlane": [
            0.0,
            0.0,
            0.0,
            0.0
        ],
        "clipPlaneIndex": 1,
        "enableClipPlane": false,
        "filterMode": 0,
        "isovalue": 0.31471,
        "stepsize": 0.48909
    },
    "shading": {
        "ambientLight": [
            0.10000000149011612,
            0.10000000149011612,
            0.10000000149011612
        ],
        "aoStrength": 0.5,
        "channel": 5,
        "clearColor": [
            1.0,
            1.0,
            1.0,
            1.0
        ],
        "diffuseLight": [
            0.984995424747467,
            0.9475930333137512,
            0.9475930333137512
        ],
        "flowWithInpainting": true,
        "lightDirection": [
            0.0,
            0.0,
            1.0
        ],
        "materialColor": [
            1.0,
            1.0,
            1.0
        ],
        "specularExponent": 16.0,
        "specularLight": [
            0.10000000149011612,
            0.10000000149011612,
            0.10000000149011612
        ],
        "temporalSmoothing": 0
    },
    "tfEditor": {
        "dvrUseShading": false,
        "editorHybrid": {
            "colorAxis": [
                [
                    53.24079895019531,
                    80.0924301147461,
                    67.20320892333984
                ],
                [
                    100.0,
                    0.0,
                    0.0
                ]
            ],
            "densityAxisColor": [
                0.0,
                1.0
            ],
            "densityAxisOpacity": [
                0.44999998807907104,
                0.5,
                0.550000011920929
            ],
            "opacityAxis": [
                0.0,
                0.800000011920929,
                0.0
            ],
            "opacityExtraColorAxis": [
                [
                    0.0,
                    0.0,
                    0.0,
                    0.0
                ],
                [
                    0.0,
                    0.0,
                    0.0,
                    0.0
                ],
                [
                    0.0,
                    0.0,
                    0.0,
                    0.0
                ]
            ]
        },
        "editorLinear": {
            "colorAxis": [
                [
                    40.62017822265625,
                    65.36255645751953,
                    54.567970275878906
                ],
                [
                    40.62017822265625,
                    65.36255645751953,
                    54.567970275878906
                ],
                [
                    75.72563171386719,
                    5.729317665100098,
                    36.07966995239258
                ],
                [
                    14.569799423217773,
                    -0.7268190383911133,
                    5.255097389221191
                ],
                [
                    14.569799423217773,
                    -0.7268190383911133,
                    5.255097389221191
                ]
            ],
            "densityAxisColor": [
                0.0,
                0.17562724649906158,
                0.4516128897666931,
                0.6057347655296326,
                1.0
            ],
            "densityAxisOpacity": [
                0.16562724113464355,
                0.17562724649906158,
                0.18562725186347961,
                0.4416128993034363,
                0.4516128897666931,
                0.46161288022994995,
                0.5957347750663757,
                0.6057347655296326,
                0.6157347559928894
            ],
            "opacityAxis": [
                0.0,
                0.5600000023841858,
                0.0,
                0.0,
                0.26999998092651367,
                0.0,
                0.0,
                0.9800000190734863,
                0.0
            ]
        },
        "editorMultiIso": {
            "colors": [
                [
                    22.524368286132813,
                    11.628926277160645,
                    1.0861282348632813,
                    0.5600000023841858
                ],
                [
                    49.066078186035156,
                    49.44223403930664,
                    24.755704879760742,
                    0.26999998092651367
                ],
                [
                    1.7109438180923462,
                    1.830222249031067,
                    1.4541819095611572,
                    0.9800000190734863
                ]
            ],
            "positions": [
                0.17562724649906158,
                0.4516128897666931,
                0.6057347655296326
            ]
        },
        "maxDensity": 0.054999999701976776,
        "minDensity": 0.0,
        "opacityScaling": 5000.0,
        "showColorControlPoints": true
    },
    "version": 1
}
