{
    "camera": {
        "currentPitch": 19.0,
        "currentYaw": 299.0,
        "fov": 45.0,
        "lookAt": [
            0.20000000298023224,
            0.0,
            -0.07999999821186066
        ],
        "orientation": 4,
        "rotateSpeed": 0.5,
        "zoomSpeed": 1.100000023841858,
        "zoomValue": -5.0
    },
    "dataset": {
        "file": "..\\volumes\\RM273_512.cvol",
        "filterMode": 0,
        "mipmap": 0
    },
    "renderMode": 1,
    "renderModeDvr": 0,
    "renderer": {
        "aoRadius": 0.1,
        "aoSamples": 0,
        "binarySearchSteps": 5,
        "clipPlane": [
            1.0,
            0.0,
            0.0,
            0.08100000023841858
        ],
        "clipPlaneIndex": 0,
        "enableClipPlane": true,
        "filterMode": 0,
        "isovalue": 0.5,
        "stepsize": 1.0
    },
    "shading": {
        "ambientLight": [
            0.10000000149011612,
            0.10000000149011612,
            0.10000000149011612
        ],
        "aoStrength": 0.5,
        "channel": 5,
        "clearColor": [
            1.0,
            1.0,
            1.0,
            1.0
        ],
        "diffuseLight": [
            1.0,
            0.9998999834060669,
            0.9998999834060669
        ],
        "flowWithInpainting": true,
        "lightDirection": [
            0.3288201093673706,
            0.25145068764686584,
            0.9103021025657654
        ],
        "materialColor": [
            1.0,
            1.0,
            1.0
        ],
        "specularExponent": 16.0,
        "specularLight": [
            0.10000000149011612,
            0.10000000149011612,
            0.10000000149011612
        ],
        "temporalSmoothing": 0
    },
    "tfEditor": {
        "dvrUseShading": true,
        "editorHybrid": {
            "colorAxis": [
                [
                    53.24079895019531,
                    80.0924301147461,
                    67.20320892333984
                ],
                [
                    100.0,
                    0.0,
                    0.0
                ]
            ],
            "densityAxisColor": [
                0.0,
                1.0
            ],
            "densityAxisOpacity": [
                0.44999998807907104,
                0.5,
                0.550000011920929
            ],
            "opacityAxis": [
                0.0,
                0.800000011920929,
                0.0
            ],
            "opacityExtraColorAxis": [
                [
                    0.0,
                    0.0,
                    0.0,
                    0.0
                ],
                [
                    0.0,
                    0.0,
                    0.0,
                    0.0
                ],
                [
                    0.0,
                    0.0,
                    0.0,
                    0.0
                ]
            ]
        },
        "editorLinear": {
            "colorAxis": [
                [
                    100.0,
                    0.0,
                    0.0
                ],
                [
                    100.0,
                    0.0,
                    0.0
                ],
                [
                    89.76720428466797,
                    -61.986297607421875,
                    11.103450775146484
                ],
                [
                    43.002220153808594,
                    52.805484771728516,
                    -90.02899932861328
                ],
                [
                    43.002220153808594,
                    52.805484771728516,
                    -90.02899932861328
                ]
            ],
            "densityAxisColor": [
                0.0,
                0.08243727684020996,
                0.45519712567329407,
                0.9211469292640686,
                1.0
            ],
            "densityAxisOpacity": [
                0.07243727892637253,
                0.08243727684020996,
                0.0924372747540474,
                0.44519713521003723,
                0.45519712567329407,
                0.4651971161365509,
                0.9111469388008118,
                0.9211469292640686,
                0.9354838728904724
            ],
            "opacityAxis": [
                0.0,
                0.24000000953674316,
                0.0,
                0.0,
                0.3700000047683716,
                0.0,
                0.0,
                0.949999988079071,
                0.029999971389770508
            ]
        },
        "editorMultiIso": {
            "colors": [
                [
                    95.0469970703125,
                    100.00000762939453,
                    108.88300323486328,
                    0.24000000953674316
                ],
                [
                    46.473876953125,
                    75.80172729492188,
                    68.35820770263672,
                    0.3700000047683716
                ],
                [
                    22.02802848815918,
                    13.159250259399414,
                    95.96736145019531,
                    0.949999988079071
                ]
            ],
            "positions": [
                0.08243727684020996,
                0.45519712567329407,
                0.9211469292640686
            ]
        },
        "maxDensity": 0.8980392217636108,
        "minDensity": 0.0117647061124444,
        "opacityScaling": 2000.0,
        "showColorControlPoints": true
    },
    "version": 1
}
