{
    "camera": {
        "currentPitch": 21.0,
        "currentYaw": 640.5,
        "fov": 45.0,
        "lookAt": [
            0.20000000298023224,
            0.0,
            0.10000000149011612
        ],
        "orientation": 4,
        "rotateSpeed": 0.5,
        "zoomSpeed": 1.100000023841858,
        "zoomValue": 4.0
    },
    "dataset": {
        "file": "..\\volumes\\RM273_512.cvol",
        "filterMode": 0,
        "mipmap": 0
    },
    "renderMode": 1,
    "renderModeDvr": 0,
    "renderer": {
        "aoRadius": 0.1,
        "aoSamples": 0,
        "binarySearchSteps": 5,
        "clipPlane": [
            1.0,
            0.0,
            0.0,
            0.08100000023841858
        ],
        "clipPlaneIndex": 0,
        "enableClipPlane": false,
        "filterMode": 0,
        "isovalue": 0.5,
        "stepsize": 0.07737
    },
    "shading": {
        "ambientLight": [
            0.10000000149011612,
            0.10000000149011612,
            0.10000000149011612
        ],
        "aoStrength": 0.5,
        "channel": 5,
        "clearColor": [
            0.0,
            0.0,
            0.0,
            1.0
        ],
        "diffuseLight": [
            1.0,
            0.9998999834060669,
            0.9998999834060669
        ],
        "flowWithInpainting": true,
        "lightDirection": [
            0.3288201093673706,
            0.25145068764686584,
            0.9103021025657654
        ],
        "materialColor": [
            1.0,
            1.0,
            1.0
        ],
        "specularExponent": 16.0,
        "specularLight": [
            0.10000000149011612,
            0.10000000149011612,
            0.10000000149011612
        ],
        "temporalSmoothing": 0
    },
    "tfEditor": {
        "dvrUseShading": true,
        "editorHybrid": {
            "colorAxis": [
                [
                    53.24079895019531,
                    80.0924301147461,
                    67.20320892333984
                ],
                [
                    100.0,
                    0.0,
                    0.0
                ]
            ],
            "densityAxisColor": [
                0.0,
                1.0
            ],
            "densityAxisOpacity": [
                0.44999998807907104,
                0.5,
                0.550000011920929
            ],
            "opacityAxis": [
                0.0,
                0.800000011920929,
                0.0
            ],
            "opacityExtraColorAxis": [
                [
                    0.0,
                    0.0,
                    0.0,
                    0.0
                ],
                [
                    0.0,
                    0.0,
                    0.0,
                    0.0
                ],
                [
                    0.0,
                    0.0,
                    0.0,
                    0.0
                ]
            ]
        },
        "editorLinear": {
            "colorAxis": [
                [
                    32.297027587890625,
                    79.18745422363281,
                    -107.86012268066406
                ],
                [
                    32.297027587890625,
                    79.18745422363281,
                    -107.86012268066406
                ],
                [
                    89.76720428466797,
                    -61.986297607421875,
                    11.103450775146484
                ],
                [
                    99.99927520751953,
                    0.0002384185791015625,
                    -0.0010848045349121094
                ],
                [
                    99.99927520751953,
                    0.0002384185791015625,
                    -0.0010848045349121094
                ]
            ],
            "densityAxisColor": [
                0.0,
                0.08602150529623032,
                0.45519712567329407,
                0.91756272315979,
                1.0
            ],
            "densityAxisOpacity": [
                0.04602150619029999,
                0.08602150529623032,
                0.12602150440216064,
                0.41519713401794434,
                0.45519712567329407,
                0.4951971173286438,
                0.8775627017021179,
                0.91756272315979,
                0.9575627446174622
            ],
            "opacityAxis": [
                0.0,
                0.7900000214576721,
                0.0,
                0.0,
                0.3700000047683716,
                0.0,
                0.0,
                0.9300000071525574,
                0.0
            ]
        },
        "editorMultiIso": {
            "colors": [
                [
                    18.04375457763672,
                    7.217508316040039,
                    95.03041076660156,
                    0.7900000214576721
                ],
                [
                    46.473876953125,
                    75.80172729492188,
                    68.35820770263672,
                    0.3700000047683716
                ],
                [
                    95.04534912109375,
                    99.99811553955078,
                    108.88272094726563,
                    0.9300000071525574
                ]
            ],
            "positions": [
                0.08602150529623032,
                0.45519712567329407,
                0.91756272315979
            ]
        },
        "maxDensity": 0.8980392217636108,
        "minDensity": 0.0117647061124444,
        "opacityScaling": 1500.0,
        "showColorControlPoints": true
    },
    "version": 1
}
