{
    "camera": {
        "currentPitch": 32.0,
        "currentYaw": 350.0,
        "fov": 45.0,
        "lookAt": [
            0.0,
            0.0,
            -0.10000000149011612
        ],
        "orientation": 4,
        "rotateSpeed": 0.5,
        "zoomSpeed": 1.100000023841858,
        "zoomValue": -2.0
    },
    "dataset": {
        "file": "..\\volumes\\thorax50.cvol",
        "filterMode": 0,
        "mipmap": 0
    },
    "renderMode": 1,
    "renderModeDvr": 0,
    "renderer": {
        "aoRadius": 0.1,
        "aoSamples": 0,
        "binarySearchSteps": 5,
        "clipPlane": [
            0.0,
            0.0,
            0.0,
            0.0
        ],
        "clipPlaneIndex": 1,
        "enableClipPlane": false,
        "filterMode": 0,
        "isovalue": 0.5,
        "stepsize": 1.0
    },
    "shading": {
        "ambientLight": [
            0.10000000149011612,
            0.10000000149011612,
            0.10000000149011612
        ],
        "aoStrength": 0.5,
        "channel": 5,
        "clearColor": [
            1.0,
            1.0,
            1.0,
            1.0
        ],
        "diffuseLight": [
            0.984995424747467,
            0.9475930333137512,
            0.9475930333137512
        ],
        "flowWithInpainting": true,
        "lightDirection": [
            0.0,
            0.0,
            1.0
        ],
        "materialColor": [
            1.0,
            1.0,
            1.0
        ],
        "specularExponent": 16.0,
        "specularLight": [
            0.10000000149011612,
            0.10000000149011612,
            0.10000000149011612
        ],
        "temporalSmoothing": 0
    },
    "tfEditor": {
        "dvrUseShading": false,
        "editorHybrid": {
            "colorAxis": [
                [
                    53.24079895019531,
                    80.0924301147461,
                    67.20320892333984
                ],
                [
                    100.0,
                    0.0,
                    0.0
                ]
            ],
            "densityAxisColor": [
                0.0,
                1.0
            ],
            "densityAxisOpacity": [
                0.44999998807907104,
                0.5,
                0.550000011920929
            ],
            "opacityAxis": [
                0.0,
                0.800000011920929,
                0.0
            ],
            "opacityExtraColorAxis": [
                [
                    0.0,
                    0.0,
                    0.0,
                    0.0
                ],
                [
                    0.0,
                    0.0,
                    0.0,
                    0.0
                ],
                [
                    0.0,
                    0.0,
                    0.0,
                    0.0
                ]
            ]
        },
        "editorLinear": {
            "colorAxis": [
                [
                    40.62017822265625,
                    65.36255645751953,
                    54.567970275878906
                ],
                [
                    40.62017822265625,
                    65.36255645751953,
                    54.567970275878906
                ],
                [
                    82.32349395751953,
                    -1.7960071563720703,
                    66.13960266113281
                ],
                [
                    43.002220153808594,
                    52.805484771728516,
                    -90.02899932861328
                ],
                [
                    43.002220153808594,
                    52.805484771728516,
                    -90.02899932861328
                ]
            ],
            "densityAxisColor": [
                0.0,
                0.22580644488334656,
                0.5268816947937012,
                0.7777777910232544,
                1.0
            ],
            "densityAxisOpacity": [
                0.21580643951892853,
                0.22580644488334656,
                0.2358064502477646,
                0.5240501761436462,
                0.5304659605026245,
                0.5440501570701599,
                0.7677778005599976,
                0.7777777910232544,
                0.7877777814865112
            ],
            "opacityAxis": [
                0.0,
                0.3100000023841858,
                0.0,
                0.0,
                0.20999997854232788,
                0.0,
                0.0,
                0.9399999976158142,
                0.0
            ]
        },
        "editorMultiIso": {
            "colors": [
                [
                    22.524368286132813,
                    11.628926277160645,
                    1.0861282348632813,
                    0.3100000023841858
                ],
                [
                    55.57952117919922,
                    60.839603424072266,
                    11.021646499633789,
                    0.10000002384185791
                ],
                [
                    22.02802848815918,
                    13.159250259399414,
                    95.96736145019531,
                    0.9399999976158142
                ]
            ],
            "positions": [
                0.22580644488334656,
                0.5340501666069031,
                0.7777777910232544
            ]
        },
        "maxDensity": 0.03799999877810478,
        "minDensity": 0.0,
        "opacityScaling": 1000.0,
        "showColorControlPoints": true
    },
    "version": 1
}
