{
    "camera": {
        "currentPitch": 54.0,
        "currentYaw": 171.0,
        "fov": 45.0,
        "lookAt": [
            0.0,
            0.0,
            0.0
        ],
        "orientation": 5,
        "rotateSpeed": 0.5,
        "zoomSpeed": 1.100000023841858,
        "zoomValue": -2.0
    },
    "dataset": {
        "file": "",
        "filterMode": 0,
        "mipmap": 0
    },
    "renderMode": 1,
    "renderer": {
        "aoRadius": 0.1,
        "aoSamples": 0,
        "binarySearchSteps": 5,
        "filterMode": 0,
        "isovalue": 0.5,
        "stepsize": 0.08559
    },
    "shading": {
        "ambientLight": [
            0.10000000149011612,
            0.10000000149011612,
            0.10000000149011612
        ],
        "aoStrength": 0.5,
        "channel": 5,
        "diffuseLight": [
            0.800000011920929,
            0.800000011920929,
            0.800000011920929
        ],
        "flowWithInpainting": true,
        "lightDirection": [
            0.0,
            0.0,
            1.0
        ],
        "materialColor": [
            1.0,
            1.0,
            1.0
        ],
        "specularExponent": 16.0,
        "specularLight": [
            0.10000000149011612,
            0.10000000149011612,
            0.10000000149011612
        ],
        "temporalSmoothing": 0
    },
    "tfEditor": {
        "dvrUseShading": false,
        "editorLinear": {
            "colorAxis": [
                [
                    13.53633975982666,
                    29.671579360961914,
                    4.163039684295654
                ],
                [
                    44.210693359375,
                    54.17173385620117,
                    32.420013427734375
                ],
                [
                    71.00434112548828,
                    22.151546478271484,
                    40.87866973876953
                ],
                [
                    86.84103393554688,
                    0.4302752614021301,
                    35.52299880981445
                ],
                [
                    93.22608947753906,
                    -3.3918492794036865,
                    23.694543838500977
                ],
                [
                    97.74215698242188,
                    -1.8695933818817139,
                    8.51298713684082
                ],
                [
                    95.80447387695313,
                    -7.992310047149658,
                    25.707979202270508
                ],
                [
                    89.6017074584961,
                    -8.972886085510254,
                    43.02656173706055
                ],
                [
                    73.86919403076172,
                    -4.920888900756836,
                    44.10210037231445
                ],
                [
                    56.77668380737305,
                    -0.11175622045993805,
                    21.99214744567871
                ],
                [
                    52.56516647338867,
                    -10.319867134094238,
                    -18.1321964263916
                ],
                [
                    70.84873962402344,
                    -20.953611373901367,
                    -10.126958847045898
                ],
                [
                    81.56712341308594,
                    -24.42148208618164,
                    -3.279691219329834
                ],
                [
                    93.38358306884766,
                    -17.99245834350586,
                    3.3212931156158447
                ],
                [
                    98.94596099853516,
                    -5.144405841827393,
                    0.9187805652618408
                ],
                [
                    87.3423843383789,
                    -26.630708694458008,
                    -10.076579093933105
                ],
                [
                    75.12876892089844,
                    -21.72031021118164,
                    -20.601974487304688
                ],
                [
                    52.049530029296875,
                    0.5454568266868591,
                    -44.913055419921875
                ],
                [
                    28.93699836730957,
                    35.611995697021484,
                    -65.95604705810547
                ],
                [
                    10.562287330627441,
                    26.630338668823242,
                    -34.84757995605469
                ]
            ],
            "densityAxisColor": [
                0.0,
                0.11281446367502213,
                0.18802410364151,
                0.22562892735004425,
                0.23816385865211487,
                0.2506988048553467,
                0.26312968134880066,
                0.3003923296928406,
                0.3500758707523346,
                0.42460116744041443,
                0.5632063150405884,
                0.6144621968269348,
                0.6529040932655334,
                0.7041599154472351,
                0.7554157972335815,
                0.7676544785499573,
                0.7921119332313538,
                0.841026782989502,
                0.9266277551651001,
                1.0
            ],
            "densityAxisOpacity": [
                0.04389658197760582,
                0.07039477676153183,
                0.09689297527074814,
                0.3775678277015686,
                0.39339181780815125,
                0.4092158377170563,
                0.8571428656578064,
                0.8815330862998962,
                0.9268292784690857
            ],
            "opacityAxis": [
                0.0,
                0.39871275424957275,
                0.0,
                0.0,
                0.32475921511650085,
                0.0,
                0.0,
                0.20999997854232788,
                0.0
            ]
        },
        "maxDensity": 0.7400000095367432,
        "minDensity": 0.3499999940395355,
        "opacityScaling": 216.54400634765625,
        "showColorControlPoints": true
    },
    "version": 1
}
